roc_auc,pr_auc,balanced_accuracy,f1,brier,n_test,prevalence,model_block,learner,cv_scheme,fold,n_predictors,cal_intercept,cal_slope
0.6986763919514056,0.7511697619211118,0.6527756915947185,0.6950171821305842,0.22478494637509203,2045,0.6058679706601467,M0,logit,spatial,0,6,,
0.7648165109145586,0.7653721803845294,0.6874187778929175,0.7085927770859277,0.19928489845958808,1478,0.581190798376184,M0,logit,spatial,1,6,,
0.6866836286753507,0.6228058524385938,0.6319327731092437,0.4984552008238929,0.21259493878883803,1533,0.3881278538812785,M0,logit,spatial,2,6,,
0.7662854142628934,0.8783761768919041,0.6963585528048144,0.792,0.210968432272832,2431,0.6947758124228712,M0,logit,spatial,3,6,,
0.5421265944161984,0.49109106332708086,0.5486742931049862,0.6409495548961425,0.27453389915822607,2396,0.4941569282136895,M0,logit,spatial,4,6,,
0.7313850720083634,0.7771037327351132,0.6475270219119317,0.6461538461538462,0.22285416134840838,2045,0.6058679706601467,M0,xgb,spatial,0,7,,
0.770887363861875,0.7630616087871307,0.7179131537027877,0.7760857304004513,0.18630370601968313,1478,0.581190798376184,M0,xgb,spatial,1,7,,
0.6890827972980237,0.5563408889497039,0.6016116894519001,0.4669950738916256,0.21847627426914532,1533,0.3881278538812785,M0,xgb,spatial,2,7,,
0.6760112604309796,0.7792439684396744,0.5886870650267547,0.537219377707759,0.2642333760769009,2431,0.6947758124228712,M0,xgb,spatial,3,7,,
0.6196355699759165,0.5722255721691182,0.5685682588529123,0.6714960629921259,0.2764059723523938,2396,0.4941569282136895,M0,xgb,spatial,4,7,,
0.6980885890125911,0.717299355240538,0.6803673818435984,0.7271193589202868,0.22140083646231676,2045,0.6058679706601467,M1,logit,spatial,0,22,,
0.7187679252841245,0.7075691900411053,0.6502028319362974,0.6941950927588271,0.2069523868289269,1478,0.581190798376184,M1,logit,spatial,1,22,,
0.6767626453566502,0.5762543853121223,0.6244261883858021,0.5,0.21431225279537314,1533,0.3881278538812785,M1,logit,spatial,2,22,,
0.7266792101739653,0.8124946272381685,0.6789308974033663,0.7275769745649264,0.22304044910817725,2431,0.6947758124228712,M1,logit,spatial,3,22,,
0.5589578594683793,0.5065130497031154,0.569093691463741,0.6563119629874422,0.2693536788974387,2396,0.4941569282136895,M1,logit,spatial,4,22,,
0.7722619097687442,0.8182377932523435,0.6945427453902031,0.7004103967168263,0.2075216999054537,2045,0.6058679706601467,M1,xgb,spatial,0,27,,
0.7766441423227595,0.7739002157916522,0.7109282875793884,0.7677455990914254,0.18401007603143407,1478,0.581190798376184,M1,xgb,spatial,1,27,,
0.7036802780813818,0.5820445142067947,0.6163928257870313,0.4824120603015075,0.22685299795483618,1533,0.3881278538812785,M1,xgb,spatial,2,27,,
0.728247148586302,0.8223141632180828,0.630217085661303,0.5842696629213483,0.2576574755099933,2431,0.6947758124228712,M1,xgb,spatial,3,27,,
0.6315438659575416,0.5918181336164737,0.601798735616805,0.6852094240837696,0.2566926232333078,2396,0.4941569282136895,M1,xgb,spatial,4,27,,
0.8093345509966614,0.8899567931783395,0.7535148012184645,0.7735191637630662,0.17646770099649492,2045,0.6058679706601467,M2,logit,spatial,0,15,,
0.7874825331329776,0.8259179383017625,0.7070785242636646,0.7339449541284404,0.1930874536132896,1478,0.581190798376184,M2,logit,spatial,1,15,,
0.5862822741036714,0.46497371083999967,0.5336385300388812,0.26335403726708073,0.2410472137597252,1533,0.3881278538812785,M2,logit,spatial,2,15,,
0.8212534251275496,0.9171707566897032,0.7618700518177712,0.7930009904258831,0.17946829640151418,2431,0.6947758124228712,M2,logit,spatial,3,15,,
0.6649321815627508,0.6264235340695972,0.6375852956917313,0.6946191474493362,0.2471264482488914,2396,0.4941569282136895,M2,logit,spatial,4,15,,
0.8359569171488253,0.8865738289858655,0.7695602192595085,0.7911993097497843,0.16583423642532824,2045,0.6058679706601467,M2,xgb,spatial,0,17,,
0.8011231454089646,0.8233134524316362,0.7269761773561698,0.7683284457478006,0.17638717837029366,1478,0.581190798376184,M2,xgb,spatial,1,17,,
0.7184963537653869,0.615593450989361,0.6118525021949078,0.4384180790960452,0.2178408235278783,1533,0.3881278538812785,M2,xgb,spatial,2,17,,
0.7412734053707275,0.8567459778058905,0.6620873289830025,0.6354439865118022,0.24894442903719619,2431,0.6947758124228712,M2,xgb,spatial,3,17,,
0.6872881544911248,0.6829098564087241,0.6262543484078138,0.6743849493487699,0.2440612672793951,2396,0.4941569282136895,M2,xgb,spatial,4,17,,
0.8527528604073165,0.9154911308680831,0.7931829879615555,0.8205560235888796,0.15338774425668122,2045,0.6058679706601467,M3,logit,spatial,0,31,0.24780004564485777,1.2120944711015358
0.7702723796878439,0.7986288599129877,0.6992755599271047,0.7702479338842976,0.18827160513482993,1478,0.581190798376184,M3,logit,spatial,1,31,0.07638583135982571,1.3573487834384677
0.6458422174840086,0.5475115344267469,0.5968267904176596,0.4157303370786517,0.23132460328175455,1533,0.3881278538812785,M3,logit,spatial,2,31,-0.06330175803811684,0.48722612425389455
0.8338400208100936,0.9170247129731857,0.7573593363750541,0.7802750754780275,0.18229873476730027,2431,0.6947758124228712,M3,logit,spatial,3,31,1.063717453477662,1.474575246029858
0.6761948365444652,0.6414643264313924,0.6434417090357685,0.6908960057574667,0.23875157151702736,2396,0.4941569282136895,M3,logit,spatial,4,31,-0.27627742459086746,0.56773512725043
0.8226227026117676,0.874961873765649,0.7530942267136909,0.7861369399830939,0.1749617138276256,2045,0.6058679706601467,M3,xgb,spatial,0,37,0.31989140601471944,0.6257354186950853
0.8103610728182636,0.8250050627507648,0.7449376646775283,0.8006718924972005,0.16606282710317266,1478,0.581190798376184,M3,xgb,spatial,1,37,0.18026909810080252,0.9311804979065118
0.7147497805092187,0.6268900113490645,0.6145177473974665,0.4409090909090909,0.21811846307000018,1533,0.3881278538812785,M3,xgb,spatial,2,37,0.25754599704733133,0.6215245232608141
0.7286692551614298,0.849360128415815,0.6381086433702138,0.5927357032457496,0.2660622463713541,2431,0.6947758124228712,M3,xgb,spatial,3,37,1.2844379397456258,0.7431948441354492
0.6890261238961735,0.6681874061281661,0.637097493533137,0.6835626357711803,0.2388376905899111,2396,0.4941569282136895,M3,xgb,spatial,4,37,-0.31976143713949257,0.5295875218768147
0.7131923311784328,0.7308308648894264,0.6566895277891327,0.699288256227758,0.21451630368623906,2002,0.5529470529470529,M0,logit,random,0,6,,
0.723951242341729,0.7570449039721403,0.6746713325391422,0.7210338680926917,0.212415964868504,1962,0.5759429153924567,M0,logit,random,1,6,,
0.7041407109540855,0.7410181487578602,0.6527551795205554,0.6981943250214961,0.21824913578163307,2054,0.572541382667965,M0,logit,random,2,6,,
0.706782322509868,0.7353347546899682,0.6699189046753498,0.7144802541988198,0.21854855247283925,1943,0.5609881626351003,M0,logit,random,3,6,,
0.6960400474418941,0.7194805326091573,0.6546236681608162,0.6955307262569832,0.22055057433282663,1922,0.5530697190426639,M0,logit,random,4,6,,
0.7999969720367596,0.8216382144707176,0.7112352576039727,0.7532808398950132,0.18108684859589966,2002,0.5529470529470529,M0,xgb,random,0,7,,
0.7949902144315861,0.8333776296251438,0.7106173417290673,0.7564949361514751,0.18286309888921037,1962,0.5759429153924567,M0,xgb,random,1,7,,
0.8029980785024715,0.8437070678671146,0.7083188058822618,0.7453683757001293,0.17985993101281678,2054,0.572541382667965,M0,xgb,random,2,7,,
0.804174150596384,0.8408921492062675,0.7243802230659195,0.7614720581553839,0.18229885363475293,1943,0.5609881626351003,M0,xgb,random,3,7,,
0.8012368623078969,0.8279715194706574,0.713454573729325,0.755575785161584,0.18244986138182678,1922,0.5530697190426639,M0,xgb,random,4,7,,
0.7228686923740746,0.7334577919812796,0.6796536010052838,0.7235915492957746,0.2093241751360172,2002,0.5529470529470529,M1,logit,random,0,22,,
0.7338102025187201,0.7689650613605894,0.6853833390061266,0.7368421052631579,0.2065947927156423,1962,0.5759429153924567,M1,logit,random,1,22,,
0.7101541072009669,0.7465505485648083,0.6716302124494444,0.7183638687686408,0.21426564300164108,2054,0.572541382667965,M1,logit,random,2,22,,
0.7177560041730752,0.7461609116440633,0.6716263161857234,0.7170665459483929,0.21267594316711563,1943,0.5609881626351003,M1,logit,random,3,22,,
0.7048877635615151,0.7235869631011627,0.6590157668732484,0.704095720202485,0.21570196511312525,1922,0.5530697190426639,M1,logit,random,4,22,,
0.8968554601747134,0.9163091903807289,0.807704652465519,0.8228255867464335,0.1345092975869909,2002,0.5529470529470529,M1,xgb,random,0,27,,
0.8980439499659633,0.920766654364522,0.8090569690265487,0.833408172429277,0.12862145161109778,1962,0.5759429153924567,M1,xgb,random,1,27,,
0.8986807137433562,0.9231592762398968,0.8160214541397425,0.8390705679862306,0.12887520878073278,2054,0.572541382667965,M1,xgb,random,2,27,,
0.9027953149703689,0.9214999603129443,0.820000107553481,0.8404059040590406,0.12646176135774026,1943,0.5609881626351003,M1,xgb,random,3,27,,
0.8564324177515038,0.8808930083862141,0.7657824791346564,0.797608095676173,0.1565132185204835,1922,0.5530697190426639,M1,xgb,random,4,27,,
0.7927409627913784,0.8316032491414429,0.7286021407700111,0.738944365192582,0.18721949974892818,2002,0.5529470529470529,M2,logit,random,0,15,,
0.7844920013614705,0.8351113978625138,0.7152261317222601,0.7377736376339078,0.1901288406004713,1962,0.5759429153924567,M2,logit,random,1,15,,
0.780310073915671,0.8391332530005824,0.7212366153750793,0.735934664246824,0.19159603420336127,2054,0.572541382667965,M2,logit,random,2,15,,
0.7768932101487465,0.8241105743756032,0.7242032975897265,0.7419818094782192,0.19286433438845457,1943,0.5609881626351003,M2,logit,random,3,15,,
0.7620020216467331,0.8170939864716651,0.7036705044369999,0.7181505164781111,0.1983455695828219,1922,0.5530697190426639,M2,logit,random,4,15,,
0.8956684985844272,0.9166900306200929,0.8021301721397103,0.813986013986014,0.131660837031182,2002,0.5529470529470529,M2,xgb,random,0,17,,
0.8970217835262084,0.9243395043030389,0.8076433798502383,0.8251491509866912,0.13011800573728408,1962,0.5759429153924567,M2,xgb,random,1,17,,
0.8890422342057551,0.9160683723642353,0.7930622704662731,0.811453744493392,0.13567694371986275,2054,0.572541382667965,M2,xgb,random,2,17,,
0.876969573120234,0.9051970196362098,0.8016520214676748,0.8126497364638237,0.143046914211933,1943,0.5609881626351003,M2,xgb,random,3,17,,
0.8989089021450701,0.9212631846346074,0.8114310652413655,0.8281770585435507,0.12877588128598402,1922,0.5530697190426639,M2,xgb,random,4,17,,
0.8053574762935711,0.8384174194929558,0.7292319571240405,0.7440112728980742,0.1810883624388766,2002,0.5529470529470529,M3,logit,random,0,31,0.23459468054859312,1.1443781497688115
0.8070753914227365,0.8554394165964752,0.7329911929884275,0.7583985273815003,0.18046031178116514,1962,0.5759429153924567,M3,logit,random,1,31,0.3274705651206686,1.147796170765818
0.7995763795267539,0.8524702053854191,0.7250321540917051,0.7460954930834449,0.18321091597080486,2054,0.572541382667965,M3,logit,random,2,31,0.2975920904721045,1.0806236406170189
0.7971014336879013,0.8376207249612841,0.7316191101024985,0.7528409090909091,0.18381512996663224,1943,0.5609881626351003,M3,logit,random,3,31,0.2241958773194338,1.0752456406773458
0.7818691361567028,0.8308567147960347,0.7138187110742654,0.7340425531914894,0.1903093727670812,1922,0.5530697190426639,M3,logit,random,4,31,0.19439250137250166,1.0155529667172174
0.9313883716118354,0.9441571129377067,0.8570205851034302,0.869167429094236,0.10388427329979749,2002,0.5529470529470529,M3,xgb,random,0,37,0.12057108421403416,1.0480267281080105
0.9225355258679373,0.9409035288279259,0.8490246341048333,0.8672964462438146,0.11038963411708042,1962,0.5759429153924567,M3,xgb,random,1,37,0.19219303392593165,0.751675461321682
0.9194898346582369,0.9385316228306381,0.8356412610602327,0.8547968885047537,0.11391477265121998,2054,0.572541382667965,M3,xgb,random,2,37,0.18290776819594606,0.9454581774697687
0.9189939447390215,0.935316653418172,0.834603181431967,0.8513011152416357,0.11356082157400703,1943,0.5609881626351003,M3,xgb,random,3,37,0.16969074220526342,0.9246069098280598
0.9131907521161035,0.9308577431181138,0.8331796472960201,0.8531468531468531,0.11877268395282391,1922,0.5530697190426639,M3,xgb,random,4,37,-0.0015293271620009676,0.8744215052401044
